{
	"title": "Title Case Hed Goes Here",
	"description": "Sentence case dek goes down here. Modify these in data/meta.json.",
	"site": "https://pudding.cool",
	"siteName": "The Pudding",
	"url": "https://pudding.cool/year/month/name/",
	"keywords": "tk",
	"imgFacebook": "https://pudding.cool/year/month/name/assets/social/social-facebook.jpg",
	"imgTwitter": "https://pudding.cool/year/month/name/assets/social/social-twitter.jpg",
	"author": {
		"name": "The Pudding",
		"url": "https://pudding.cool/author/the-pudding-team",
		"twitterHandle": "@puddingviz"
	},
	"analytics": "",
	"lorem": "Lorem ipsum dolor sit amet, consectetur adipiscing elit. Duis mollis neque sit amet sollicitudin vehicula. Maecenas fringilla mi non lacus mattis elementum. Curabitur dignissim faucibus justo."
}